{
	"info": {
		"_postman_id": "f12314fe-0204-4dea-95d1-22711534c7ed",
		"name": "Professores",
		"schema": "https://schema.getpostman.com/json/collection/v2.1.0/collection.json"
	},
	"item": [
		{
			"name": "Criar professor",
			"request": {
				"method": "POST",
				"header": [
					{
						"key": "Content-Type",
						"name": "Content-Type",
						"type": "text",
						"value": "application/json"
					}
				],
				"body": {
					"mode": "raw",
					"raw": "{\n\t\"id\" : 1,\n\t\"nome\" : \"Tiago\"\n}",
					"options": {
						"raw": {
							"language": "json"
						}
					}
				},
				"url": {
					"raw": "http://localhost:5000/professores",
					"protocol": "http",
					"host": [
						"localhost"
					],
					"port": "5000",
					"path": [
						"professores"
					]
				}
			},
			"response": []
		},
		{
			"name": "Listar professores",
			"request": {
				"method": "POST",
				"header": [
					{
						"key": "Content-Type",
						"name": "Content-Type",
						"type": "text",
						"value": "application/javascript"
					}
				],
				"body": {
					"mode": "raw",
					"raw": "{\n\t\"id\" : 28,\n\t\"nome\" : \"Lucas\"\n}",
					"options": {
						"raw": {
							"language": "javascript"
						}
					}
				},
				"url": {
					"raw": "http://localhost:5000/professores",
					"protocol": "http",
					"host": [
						"localhost"
					],
					"port": "5000",
					"path": [
						"professores"
					]
				}
			},
			"response": []
		},
		{
			"name": "ALterar professor",
			"request": {
				"method": "PUT",
				"header": [
					{
						"key": "Content-Type",
						"name": "Content-Type",
						"type": "text",
						"value": "application/json"
					}
				],
				"body": {
					"mode": "raw",
					"raw": "{\n\t\"nome\" : \"Tiago Martins\"\n}",
					"options": {
						"raw": {
							"language": "json"
						}
					}
				},
				"url": {
					"raw": "http://localhost:5000/professores/1",
					"protocol": "http",
					"host": [
						"localhost"
					],
					"port": "5000",
					"path": [
						"professores",
						"1"
					]
				}
			},
			"response": []
		},
		{
			"name": "Deletar professores",
			"request": {
				"method": "DELETE",
				"header": [],
				"url": {
					"raw": "http://localhost:5000/professores/1",
					"protocol": "http",
					"host": [
						"localhost"
					],
					"port": "5000",
					"path": [
						"professores",
						"1"
					]
				}
			},
			"response": []
		}
	],
	"protocolProfileBehavior": {}
}